iter	MultiClass
0	1.845108637
1	1.763984839
2	1.69705127
3	1.631455434
4	1.583527921
5	1.539032067
6	1.502204055
7	1.467121287
8	1.427572577
9	1.38427906
10	1.34533659
11	1.306532057
